time,event,index,screenshot
2024-11-07T20:32:18.319458,execute-input,0,output-2024-11-07T20-32-13.802534/input-000-2024-11-07T20-32-18.319458.png
2024-11-07T20:32:28.546411,execute-input,1,output-2024-11-07T20-32-13.802534/input-001-2024-11-07T20-32-28.546411.png
2024-11-07T20:32:29.543310,output-changed,3,output-2024-11-07T20-32-13.802534/output-003-2024-11-07T20-32-29.543310.png
2024-11-07T20:32:29.718155,output-changed,3,output-2024-11-07T20-32-13.802534/output-003-2024-11-07T20-32-29.718155.png
2024-11-07T20:32:29.960909,output-changed,3,output-2024-11-07T20-32-13.802534/output-003-2024-11-07T20-32-29.960909.png
2024-11-07T20:32:38.716302,execute-input,2,output-2024-11-07T20-32-13.802534/input-002-2024-11-07T20-32-38.716302.png
2024-11-07T20:32:48.872254,execute-input,3,output-2024-11-07T20-32-13.802534/input-003-2024-11-07T20-32-48.872254.png
2024-11-07T20:32:49.221941,output-changed,3,output-2024-11-07T20-32-13.802534/output-003-2024-11-07T20-32-49.221941.png
2024-11-07T20:32:49.497773,output-changed,3,output-2024-11-07T20-32-13.802534/output-003-2024-11-07T20-32-49.497773.png
2024-11-07T20:32:50.011172,output-changed,3,output-2024-11-07T20-32-13.802534/output-003-2024-11-07T20-32-50.011172.png
2024-11-07T20:32:50.264281,output-changed,3,output-2024-11-07T20-32-13.802534/output-003-2024-11-07T20-32-50.264281.png
2024-11-07T20:32:59.003656,execute-input,4,output-2024-11-07T20-32-13.802534/input-004-2024-11-07T20-32-59.003656.png
2024-11-07T20:32:59.268385,output-changed,3,output-2024-11-07T20-32-13.802534/output-003-2024-11-07T20-32-59.268385.png
2024-11-07T20:32:59.566070,output-changed,3,output-2024-11-07T20-32-13.802534/output-003-2024-11-07T20-32-59.566070.png
2024-11-07T20:32:59.744015,output-changed,3,output-2024-11-07T20-32-13.802534/output-003-2024-11-07T20-32-59.744015.png
2024-11-07T20:32:59.935085,output-changed,3,output-2024-11-07T20-32-13.802534/output-003-2024-11-07T20-32-59.935085.png
2024-11-07T20:33:00.138477,output-changed,3,output-2024-11-07T20-32-13.802534/output-003-2024-11-07T20-33-00.138477.png
2024-11-07T20:33:00.718654,output-changed,3,output-2024-11-07T20-32-13.802534/output-003-2024-11-07T20-33-00.718654.png
2024-11-07T20:33:00.925076,output-changed,3,output-2024-11-07T20-32-13.802534/output-003-2024-11-07T20-33-00.925076.png
2024-11-07T20:33:09.130558,execute-input,5,output-2024-11-07T20-32-13.802534/input-005-2024-11-07T20-33-09.130558.png
2024-11-07T20:33:09.374719,output-changed,3,output-2024-11-07T20-32-13.802534/output-003-2024-11-07T20-33-09.374719.png
2024-11-07T20:33:09.696055,output-changed,3,output-2024-11-07T20-32-13.802534/output-003-2024-11-07T20-33-09.696055.png
2024-11-07T20:33:09.952372,output-changed,3,output-2024-11-07T20-32-13.802534/output-003-2024-11-07T20-33-09.952372.png
2024-11-07T20:33:10.202073,output-changed,3,output-2024-11-07T20-32-13.802534/output-003-2024-11-07T20-33-10.202073.png
2024-11-07T20:33:10.458849,output-changed,3,output-2024-11-07T20-32-13.802534/output-003-2024-11-07T20-33-10.458849.png
2024-11-07T20:33:11.249760,output-changed,3,output-2024-11-07T20-32-13.802534/output-003-2024-11-07T20-33-11.249760.png
2024-11-07T20:33:19.324663,execute-input,6,output-2024-11-07T20-32-13.802534/input-006-2024-11-07T20-33-19.324663.png
2024-11-07T20:33:20.100218,output-changed,3,output-2024-11-07T20-32-13.802534/output-003-2024-11-07T20-33-20.100218.png
2024-11-07T20:33:20.490172,output-changed,3,output-2024-11-07T20-32-13.802534/output-003-2024-11-07T20-33-20.490172.png
2024-11-07T20:33:20.851460,output-changed,3,output-2024-11-07T20-32-13.802534/output-003-2024-11-07T20-33-20.851460.png
2024-11-07T20:33:21.220984,output-changed,3,output-2024-11-07T20-32-13.802534/output-003-2024-11-07T20-33-21.220984.png
2024-11-07T20:33:21.626969,output-changed,3,output-2024-11-07T20-32-13.802534/output-003-2024-11-07T20-33-21.626969.png
2024-11-07T20:33:29.508006,execute-input,7,output-2024-11-07T20-32-13.802534/input-007-2024-11-07T20-33-29.508006.png
2024-11-07T20:33:29.927315,output-changed,3,output-2024-11-07T20-32-13.802534/output-003-2024-11-07T20-33-29.927315.png
2024-11-07T20:33:30.665733,output-changed,3,output-2024-11-07T20-32-13.802534/output-003-2024-11-07T20-33-30.665733.png
2024-11-07T20:33:31.652719,output-changed,3,output-2024-11-07T20-32-13.802534/output-003-2024-11-07T20-33-31.652719.png
2024-11-07T20:33:39.723327,execute-input,8,output-2024-11-07T20-32-13.802534/input-008-2024-11-07T20-33-39.723327.png
2024-11-07T20:33:40.008848,output-changed,3,output-2024-11-07T20-32-13.802534/output-003-2024-11-07T20-33-40.008848.png
2024-11-07T20:33:40.430897,output-changed,3,output-2024-11-07T20-32-13.802534/output-003-2024-11-07T20-33-40.430897.png
2024-11-07T20:33:40.733366,output-changed,3,output-2024-11-07T20-32-13.802534/output-003-2024-11-07T20-33-40.733366.png
2024-11-07T20:33:41.066564,output-changed,3,output-2024-11-07T20-32-13.802534/output-003-2024-11-07T20-33-41.066564.png
2024-11-07T20:33:49.942739,execute-input,9,output-2024-11-07T20-32-13.802534/input-009-2024-11-07T20-33-49.942739.png
2024-11-07T20:33:50.291682,output-changed,3,output-2024-11-07T20-32-13.802534/output-003-2024-11-07T20-33-50.291682.png
2024-11-07T20:33:50.703771,output-changed,3,output-2024-11-07T20-32-13.802534/output-003-2024-11-07T20-33-50.703771.png
2024-11-07T20:34:00.117674,execute-input,10,output-2024-11-07T20-32-13.802534/input-010-2024-11-07T20-34-00.117674.png
2024-11-07T20:34:00.578559,output-changed,3,output-2024-11-07T20-32-13.802534/output-003-2024-11-07T20-34-00.578559.png
2024-11-07T20:34:01.024348,output-changed,3,output-2024-11-07T20-32-13.802534/output-003-2024-11-07T20-34-01.024348.png
2024-11-07T20:34:01.379061,output-changed,3,output-2024-11-07T20-32-13.802534/output-003-2024-11-07T20-34-01.379061.png
2024-11-07T20:34:01.582823,output-changed,3,output-2024-11-07T20-32-13.802534/output-003-2024-11-07T20-34-01.582823.png
2024-11-07T20:34:01.795592,output-changed,3,output-2024-11-07T20-32-13.802534/output-003-2024-11-07T20-34-01.795592.png
2024-11-07T20:34:02.025071,output-changed,3,output-2024-11-07T20-32-13.802534/output-003-2024-11-07T20-34-02.025071.png
2024-11-07T20:34:02.259275,output-changed,3,output-2024-11-07T20-32-13.802534/output-003-2024-11-07T20-34-02.259275.png
2024-11-07T20:34:02.585781,output-changed,3,output-2024-11-07T20-32-13.802534/output-003-2024-11-07T20-34-02.585781.png
2024-11-07T20:34:02.865595,output-changed,3,output-2024-11-07T20-32-13.802534/output-003-2024-11-07T20-34-02.865595.png
2024-11-07T20:34:03.172073,output-changed,3,output-2024-11-07T20-32-13.802534/output-003-2024-11-07T20-34-03.172073.png
2024-11-07T20:34:03.491769,output-changed,3,output-2024-11-07T20-32-13.802534/output-003-2024-11-07T20-34-03.491769.png
2024-11-07T20:34:03.842502,output-changed,3,output-2024-11-07T20-32-13.802534/output-003-2024-11-07T20-34-03.842502.png
2024-11-07T20:34:04.206816,output-changed,3,output-2024-11-07T20-32-13.802534/output-003-2024-11-07T20-34-04.206816.png
2024-11-07T20:34:04.627438,output-changed,3,output-2024-11-07T20-32-13.802534/output-003-2024-11-07T20-34-04.627438.png
2024-11-07T20:34:05.196366,output-changed,3,output-2024-11-07T20-32-13.802534/output-003-2024-11-07T20-34-05.196366.png
2024-11-07T20:34:05.615390,output-changed,3,output-2024-11-07T20-32-13.802534/output-003-2024-11-07T20-34-05.615390.png
2024-11-07T20:34:06.025266,output-changed,3,output-2024-11-07T20-32-13.802534/output-003-2024-11-07T20-34-06.025266.png
2024-11-07T20:34:06.470369,output-changed,3,output-2024-11-07T20-32-13.802534/output-003-2024-11-07T20-34-06.470369.png
2024-11-07T20:34:06.894409,output-changed,3,output-2024-11-07T20-32-13.802534/output-003-2024-11-07T20-34-06.894409.png
2024-11-07T20:34:07.327145,output-changed,3,output-2024-11-07T20-32-13.802534/output-003-2024-11-07T20-34-07.327145.png
